{
  "123": {
    "bitcoin": 0.2716130345744362,
    "ethereum": 7.540256329271738,
    "oobit": 563557.4252486845
  },
  "456": {
    "bitcoin": 1.2
  }
}