{
  "123": {
    "bitcoin": 0.2726916081899743,
    "ethereum": 7.571587719856119,
    "oobit": 554630.508715623
  },
  "456": {
    "bitcoin": 1.2
  }
}